{
  "accuracy": 0.8,
  "precision": 0.7980769230769231,
  "recall": 0.801948051948052,
  "f1_score": 0.7987117552334944,
  "roc_auc": 0.4833603896103897,
  "pr_auc": 0.5576569614071859,
  "confusion_matrix": [
    [
      36,
      8
    ],
    [
      12,
      44
    ]
  ],
  "classification_report": {
    "0": {
      "precision": 0.75,
      "recall": 0.8181818181818182,
      "f1-score": 0.782608695652174,
      "support": 44.0
    },
    "1": {
      "precision": 0.8461538461538461,
      "recall": 0.7857142857142857,
      "f1-score": 0.8148148148148148,
      "support": 56.0
    },
    "accuracy": 0.8,
    "macro avg": {
      "precision": 0.7980769230769231,
      "recall": 0.801948051948052,
      "f1-score": 0.7987117552334944,
      "support": 100.0
    },
    "weighted avg": {
      "precision": 0.8038461538461539,
      "recall": 0.8,
      "f1-score": 0.8006441223832528,
      "support": 100.0
    }
  }
}